REGION,PRIMARY_SAMPLE_UNIT,STATION_NR,YEAR,MONTH,DAY,HABITAT_CD,STRAT,RUG_STRAT,DEPTH_STRAT,LAT_DEGREES,LON_DEGREES,MAPGRID_NR
Tortugas,1402,1,2022,9,18,CONT_HR,T02,R4,D1,24.58879,-82.90508,336345
Tortugas,1404,1,2022,9,15,CONT_LR,T01,R1,D1,24.644,-82.81897,515439
Tortugas,1406,1,2022,9,15,ISOL_MR,T02,R3,D1,24.65834,-82.80253,565456
Tortugas,1407,1,2022,9,18,CONT_MR,T02,R3,D1,24.5974,-82.87447,362059
Tortugas,1410,1,2022,9,15,CONT_HR,T02,R4,D1,24.63871,-82.81101,498389
Tortugas,1415,1,2022,9,18,SPGR_MR,T02,R3,D1,24.59719,-82.8721,360608
Tortugas,1417,1,2022,9,13,CONT_HR,T02,R4,D1,24.69153,-82.78189,631197
Tortugas,1418,1,2022,9,15,CONT_LR,T01,R1,D1,24.6613,-82.80129,574799
Tortugas,1420,1,2022,9,13,CONT_MR,T01,R2,D1,24.70001,-82.78957,644524
Tortugas,1422,1,2022,9,15,CONT_HR,T02,R4,D1,24.65125,-82.79071,540424
Tortugas,1423,1,2022,9,13,CONT_HR,T02,R4,D1,24.68115,-82.78664,615077
Tortugas,1424,1,2022,9,13,CONT_HR,T02,R4,D1,24.6888,-82.77255,626310
Tortugas,1427,1,2022,9,16,CONT_HR,T02,R4,D1,24.68835,-82.90008,628150
Tortugas,1430,1,2022,9,16,SPGR_MR,T01,R2,D1,24.63246,-82.93625,481149
Tortugas,1432,1,2022,9,16,CONT_MR,T02,R3,D1,24.66718,-82.91318,594305
Tortugas,1433,1,2022,9,15,CONT_HR,T02,R4,D1,24.63693,-82.82173,492179
Tortugas,1434,1,2022,9,15,CONT_HR,T02,R4,D1,24.63984,-82.8175,501475
Tortugas,1437,1,2022,9,18,CONT_HR,T02,R4,D1,24.58166,-82.90652,314305
Tortugas,1438,1,2022,9,17,CONT_HR,T05,R4,D2,24.56785,-82.9123,273853
Tortugas,1439,1,2022,9,17,ISOL_HR,T05,R4,D2,24.59474,-82.96562,356070
Tortugas,1440,1,2022,9,17,CONT_MR,T05,R3,D2,24.56084,-82.93873,256371
Tortugas,1441,1,2022,9,15,CONT_HR,T05,R4,D2,24.71859,-82.78917,672491
Tortugas,1442,1,2022,9,14,CONT_MR,T05,R3,D2,24.71258,-82.85606,664376
Tortugas,1444,1,2022,9,16,CONT_MR,T05,R3,D2,24.70373,-82.90665,651969
Tortugas,1445,1,2022,9,16,CONT_HR,T05,R4,D2,24.66924,-82.92525,598546
Tortugas,1446,1,2022,9,14,CONT_HR,T02,R4,D1,24.70298,-82.87278,650649
Tortugas,1447,1,2022,9,13,SPGR_HR,T05,R4,D2,24.70621,-82.78051,653612
Tortugas,1448,1,2022,9,14,CONT_HR,T05,R4,D2,24.71945,-82.84726,674324
Tortugas,1449,1,2022,9,15,CONT_HR,T02,R4,D1,24.6639,-82.81361,583258
Tortugas,1450,1,2022,9,18,CONT_HR,T02,R4,D1,24.58903,-82.90904,336337
Tortugas,1451,1,2022,9,15,CONT_HR,T05,R4,D2,24.66262,-82.77929,579301
Tortugas,1452,1,2022,9,16,CONT_HR,T05,R4,D2,24.69974,-82.91015,645688
Tortugas,1453,1,2022,9,16,CONT_HR,T05,R4,D2,24.68974,-82.91629,630223
Tortugas,1454,1,2022,9,14,CONT_HR,T05,R4,D2,24.71636,-82.87783,670338
Tortugas,1457,1,2022,9,14,CONT_MR,T05,R3,D2,24.71445,-82.86612,667705
Tortugas,1459,1,2022,9,17,CONT_HR,T05,R4,D2,24.5866,-82.9786,332014
Tortugas,1460,1,2022,9,17,CONT_MR,T05,R3,D2,24.60237,-82.97673,382528
Tortugas,1461,1,2022,9,17,CONT_MR,T05,R3,D2,24.56082,-82.93874,256371
Tortugas,1462,1,2022,9,17,CONT_HR,T05,R4,D2,24.56728,-82.91726,272583
Tortugas,1465,1,2022,9,14,ISOL_HR,T02,R4,D1,24.66525,-82.87631,589253
Tortugas,1466,1,2022,9,14,CONT_LR,T01,R1,D1,24.65988,-82.87841,573157
Tortugas,2064,1,2022,9,8,CONT_MR,T04,R2,D2,24.66826,-83.03309,599094
Tortugas,2098,1,2022,9,8,CONT_HR,T05,R4,D2,24.71297,-82.9954,667444
Tortugas,2104,1,2022,9,8,CONT_MR,T08,R3,D3,24.70386,-82.99473,653869
Tortugas,2105,1,2022,9,8,CONT_HR,T08,R4,D3,24.69413,-82.99096,638500
Tortugas,2119,1,2022,9,8,CONT_HR,T08,R4,D3,24.7123,-82.99663,666775
Tortugas,2128,1,2022,9,8,CONT_HR,T05,R4,D2,24.67846,-83.01415,614616
Tortugas,2143,1,2022,9,8,CONT_HR,T08,R4,D3,24.6944,-82.97562,638531
Tortugas,2149,1,2022,9,8,CONT_HR,T08,R4,D3,24.68241,-82.9855,620267
Tortugas,2153,1,2022,9,8,CONT_HR,T08,R4,D3,24.692,-82.97595,635016
Tortugas,2161,1,2022,9,7,CONT_LR,T01,R1,D1,24.68927,-82.78088,627689
Tortugas,2163,1,2022,9,7,ISOL_MR,T02,R3,D1,24.6341,-82.82346,482919
Tortugas,2165,1,2022,9,9,CONT_HR,T01,R2,D1,24.62872,-82.88811,465874
Tortugas,2168,1,2022,9,7,CONT_HR,T02,R4,D1,24.633,-82.81331,478314
Tortugas,2176,1,2022,9,9,CONT_HR,T02,R4,D1,24.62785,-82.85894,462873
Tortugas,2180,1,2022,9,7,CONT_HR,T01,R2,D1,24.6694,-82.78907,596376
Tortugas,2193,1,2022,9,7,CONT_HR,T02,R4,D1,24.68833,-82.7774,626300
Tortugas,2227,1,2022,9,9,CONT_HR,T05,R4,D2,24.69204,-82.88536,633796
Tortugas,2234,1,2022,9,9,CONT_HR,T05,R4,D2,24.69638,-82.88638,640116
Tortugas,2235,1,2022,9,10,CONT_MR,T01,R2,D1,24.70248,-82.87181,649259
Tortugas,2241,1,2022,9,9,ISOL_MR,T02,R3,D1,24.62742,-82.88818,462814
Tortugas,2243,1,2022,9,7,CONT_HR,T02,R4,D1,24.63763,-82.82264,493723
Tortugas,2250,1,2022,9,9,ISOL_LR,T01,R1,D1,24.67262,-82.88888,603666
Tortugas,2258,1,2022,9,7,CONT_HR,T05,R4,D2,24.64246,-82.78976,509282
Tortugas,2262,1,2022,9,7,CONT_HR,T05,R4,D2,24.67085,-82.78474,598831
Tortugas,2298,1,2022,9,7,SPGR_HR,T05,R4,D2,24.62365,-82.82302,446156
Tortugas,2312,1,2022,9,10,CONT_HR,T05,R4,D2,24.69844,-82.89117,643616
Tortugas,2313,1,2022,9,9,ISOL_HR,T05,R4,D2,24.64212,-82.85712,510699
Tortugas,2345,1,2022,9,7,CONT_HR,T05,R4,D2,24.62373,-82.8255,447673
Tortugas,2364,1,2022,9,16,CONT_HR,T02,R3,D1,24.6292,-82.94079,470369
Tortugas,2372,1,2022,9,14,CONT_HR,T02,R4,D1,24.71106,-82.84572,662374
Tortugas,2378,1,2022,9,16,CONT_HR,T02,R4,D1,24.64699,-82.92453,530789
Tortugas,2394,1,2022,9,11,ISOL_HR,T09,R4,D3,24.65853,-82.94594,571446
Tortugas,2395,1,2022,9,10,ISOL_HR,T02,R4,D1,24.62713,-82.90962,462771
Tortugas,2402,1,2022,9,8,CONT_LR,T04,R1,D2,24.6508,-83.0561,549267
Tortugas,2411,1,2022,9,8,ISOL_HR,T05,R4,D2,24.65031,-83.04358,547726
Tortugas,2463,1,2022,9,8,CONT_HR,T05,R4,D2,24.67011,-83.0285,601975
Tortugas,2465,1,2022,9,8,CONT_HR,T05,R4,D2,24.65213,-83.05628,553964
Tortugas,2471,1,2022,9,8,CONT_HR,T05,R4,D2,24.65244,-83.04346,555556
Tortugas,2512,1,2022,9,8,CONT_HR,T08,R4,D3,24.70446,-82.99789,654552
Tortugas,2513,1,2022,9,8,CONT_HR,T08,R4,D3,24.69145,-82.99488,634978
Tortugas,2514,1,2022,9,8,CONT_HR,T08,R4,D3,24.67287,-83.02939,606185
Tortugas,2515,1,2022,9,8,ISOL_HR,T08,R4,D3,24.68024,-83.01423,617408
Tortugas,2549,1,2022,9,8,CONT_HR,T08,R4,D3,24.67944,-82.98411,616073
Tortugas,2560,1,2022,9,8,CONT_HR,T08,R4,D3,24.68357,-82.98607,622371
Tortugas,2564,1,2022,9,7,ISOL_MR,T02,R3,D1,24.64106,-82.82218,506116
Tortugas,2565,1,2022,9,7,CONT_LR,T01,R1,D1,24.63406,-82.8276,482911
Tortugas,2570,1,2022,9,7,CONT_HR,T02,R4,D1,24.69158,-82.77741,631206
Tortugas,2574,1,2022,9,7,CONT_MR,T01,R2,D1,24.63023,-82.81483,469091
Tortugas,2581,1,2022,9,7,ISOL_LR,T01,R1,D1,24.65019,-82.83627,538770
Tortugas,2592,1,2022,9,7,ISOL_HR,T02,R4,D1,24.64648,-82.84061,526285
Tortugas,2609,1,2022,9,7,ISOL_HR,T02,R4,D1,24.64423,-82.84071,518503
Tortugas,2615,1,2022,9,7,ISOL_HR,T02,R4,D1,24.6487,-82.83763,532523
Tortugas,2635,1,2022,9,10,CONT_HR,T02,R4,D1,24.70485,-82.8777,653415
Tortugas,2651,1,2022,9,10,ISOL_HR,T02,R4,D1,24.62878,-82.89429,467396
Tortugas,2659,1,2022,9,7,CONT_HR,T05,R4,D2,24.63975,-82.79215,499977
Tortugas,2716,1,2022,9,9,CONT_HR,T05,R4,D2,24.64025,-82.852,504506
Tortugas,2772,1,2022,9,11,CONT_HR,T05,R4,D2,24.65683,-82.9343,565189
Tortugas,2773,1,2022,9,11,CONT_HR,T05,R4,D2,24.64433,-82.96204,522923
Tortugas,2779,1,2022,9,7,SPGR_HR,T09,R4,D3,24.62209,-82.82835,441579
Tortugas,2787,1,2022,9,11,CONT_HR,T09,R4,D3,24.64516,-82.96637,526030
Tortugas,2794,1,2022,9,11,CONT_HR,T09,R4,D3,24.64269,-82.95994,516707
Tortugas,2796,1,2022,9,11,ISOL_HR,T09,R4,D3,24.65623,-82.94596,563596
Tortugas,2797,1,2022,9,11,ISOL_HR,T09,R4,D3,24.65898,-82.93837,573035
Tortugas,2799,1,2022,9,11,ISOL_HR,T09,R4,D3,24.65519,-82.94346,560461
Tortugas,2800,1,2022,9,10,ISOL_HR,T05,R4,D2,24.62426,-82.91026,452079
Tortugas,3013,1,2022,9,14,CONT_HR,T02,R4,D1,24.66384,-82.87793,585664
Tortugas,3014,1,2022,9,14,ISOL_HR,T05,R4,D2,24.66233,-82.87546,581791
Tortugas,3015,1,2022,9,15,ISOL_HR,T02,R4,D1,24.6365,-82.81286,490651
Tortugas,3016,1,2022,9,16,ISOL_HR,T02,R4,D1,24.62351,-82.922,450529
Tortugas,3017,1,2022,9,16,ISOL_LR,T01,R1,D1,24.63164,-82.91106,478116
Tortugas,2681,1,2022,9,9,ISOL_HR,T05,R4,D2,24.64415,-82.85659,518470
Tortugas,2680,1,2022,9,9,ISOL_HR,T05,R4,D2,24.63934,-82.8591,501391
